Method,Mean
Document AI*,1.6863348730806929
Gemini 2.5 Flash*,15.174811373091048
LlamaParse*,37.22296436818572
