Method,Mean
Docling,2.083901904773085
Unstructured.io,5.100960146719754
MinerU 2.5 Pipeline,15.421463573186458
Granite Docling,16.73791053219447
MinerU 2.5 VLM,42.01820905479972
