Method,Mean
Docling,2.114572257866875
Unstructured.io,5.100960146719754
MinerU 2.5 Pipeline,15.421463573186458
Granite Docling,16.73791053219447
MinerU 2.5 VLM,42.01820905479972
Document AI*,1.6907621233565628
Gemini 2.5 Flash*,15.174811373091048
LlamaParse*,37.22296436818572
